<?xml version="1.0"?>
<!DOCTYPE hibernate-mapping PUBLIC "-//Hibernate/Hibernate Mapping DTD 3.0//EN"
"http://www.hibernate.org/dtd/hibernate-mapping-3.0.dtd">
<!-- Generated 29-abr-2016 10:41:30 by Hibernate Tools 4.3.1 -->
<hibernate-mapping>
    <class name="Modelo.Empleado" table="EMPLEADO" schema="DTE" optimistic-lock="version">
        <id name="identificador" type="string">
            <column name="IDENTIFICADOR" length="5" />
            <generator class="assigned" />
        </id>
        <property name="nombre" type="string">
            <column name="NOMBRE" length="20" />
        </property>
        <property name="apellido" type="string">
            <column name="APELLIDO" length="20" />
        </property>
        <property name="salario" type="string">
            <column name="SALARIO" length="5" />
        </property>
    </class>
</hibernate-mapping>
