<?xml version="1.0" encoding="UTF-8"?>
<project-private xmlns="http://www.netbeans.org/ns/project-private/1">
    <editor-bookmarks xmlns="http://www.netbeans.org/ns/editor-bookmarks/2" lastBookmarkId="0"/>
    <open-files xmlns="http://www.netbeans.org/ns/projectui-open-files/2">
        <group>
            <file>file:/C:/Users/javio/OneDrive/Documentos/NetBeansProjects/HIBERNATEE/src/hibernatee/HIBERNATEE.java</file>
            <file>file:/C:/Users/javio/OneDrive/Documentos/NetBeansProjects/HIBERNATEE/src/Vista/vPrincipal.java</file>
            <file>file:/C:/Users/javio/OneDrive/Documentos/NetBeansProjects/HIBERNATEE/src/Controlador/HibernateUtil.java</file>
            <file>file:/C:/Users/javio/OneDrive/Documentos/NetBeansProjects/HIBERNATEE/src/Vista/Alta_Empleados.java</file>
        </group>
    </open-files>
</project-private>
